在成都人流多少钱,http://www.leshan.cn/ys/wywl/2128531.html,1
成都做无痛人流要多少钱,http://www.ycen.com.cn/ys/mrph/4809878881.html,13
成都妇科医院那个好,http://www.lhrb.com.cn/qyxw/jkzx/4214993738.html,4
成都最好的妇科医院是哪里,http://life.zynews.com/jiankang/2013-06-06/54516.html,-
成都人流医院在哪里,http://www.leshan.cn/hyzx/jkxx/3666669855.html,12
成都军区空军机关医院怎么样,http://www.zhiyin.cn/yx/nnqy/1420813.html,10
成都做无痛人流需要多少钱,http://www.ycen.com.cn/ys/mrph/4809876087.html,14
成都市哪家妇科医院好,http://www.leshan.cn/ys/cnhk/1911729.html,7
成都最好妇科医院是哪家,http://life.zynews.com/jiankang/2013-12-17/298591.html,-
成都做无痛人流需要多少钱,http://www.zhiyin.cn/hyzx/yykx/2014-02/09/content_440462.html,74
成都最好的人流医院是哪家,http://www.leshan.cn/ys/cnhk/1994867.html,14
成都无痛人流需要多少钱,http://www.aibang.com/show/1537571235-1606180436/product/11497133.html,12
成都市妇科医院哪里好,http://www.leshan.cn/hyzx/jkxx/3815684823.html,4
成都市治疗宫颈糜烂最好的医院,http://health.voc.com.cn/id_113570.html,8
成都哪家无痛人流比较好,http://www.leshan.cn/ys/cnhk/2014137.html,9
成都较好的妇科医院,http://www.lhrb.com.cn/qyxw/jkzx/3504608730.html,-
成都哪家医院治宫颈糜烂好,http://www.xyzc.cn/health/jsmr/20130727/248009.html,-
成都最好人流医院,http://www.xyzc.cn/health/jsmr/20130930/701223.html,12
成都人流医院哪个最好,http://www.xyzc.cn/health/jsmr/20130830/514580.html,12
成都人流医院哪里最好,http://www.lhrb.com.cn/qyxw/jkzx/3409650757.html,12
成都有哪些好的妇科医院,http://www.xyzc.cn/health/jsmr/20130819/400576.html,11
成都人流去哪家医院,http://www.leshan.cn/ys/yssy/1453997.html,11
在成都人流多少钱,http://www.leshan.cn/ys/wywl/2128531.html,1
成都做无痛人流要多少钱,http://www.ycen.com.cn/ys/mrph/4809878881.html,13
成都妇科医院那个好,http://www.lhrb.com.cn/qyxw/jkzx/4214993738.html,1
成都最好的妇科医院是哪里,http://life.zynews.com/jiankang/2013-06-06/54516.html,0
成都人流医院在哪里,http://www.leshan.cn/hyzx/jkxx/3666669855.html,11
成都军区空军机关医院怎么样,http://www.zhiyin.cn/yx/nnqy/1420813.html,10
在成都人流多少钱,http://www.leshan.cn/ys/wywl/2128531.html,1
成都妇科医院那个好,http://www.lhrb.com.cn/qyxw/jkzx/4214993738.html,1
成都最好的妇科医院是哪里,http://life.zynews.com/jiankang/2013-06-06/54516.html,0
成都人流医院在哪里,http://www.leshan.cn/hyzx/jkxx/3666669855.html,11
成都军区空军机关医院怎么样,http://www.zhiyin.cn/yx/nnqy/1420813.html,10
在成都人流多少钱,http://www.leshan.cn/ys/wywl/2128531.html,1
成都做无痛人流要多少钱,http://www.ycen.com.cn/ys/mrph/4809878881.html,13
成都妇科医院那个好,http://www.lhrb.com.cn/qyxw/jkzx/4214993738.html,4
成都最好的妇科医院是哪里,http://life.zynews.com/jiankang/2013-06-06/54516.html,0
成都人流医院在哪里,http://www.leshan.cn/hyzx/jkxx/3666669855.html,12
成都军区空军机关医院怎么样,http://www.zhiyin.cn/yx/nnqy/1420813.html,10
成都做无痛人流需要多少钱,http://www.ycen.com.cn/ys/mrph/4809876087.html,14
成都市哪家妇科医院好,http://www.leshan.cn/ys/cnhk/1911729.html,7
在成都人流多少钱,http://www.leshan.cn/ys/wywl/2128531.html,1
成都做无痛人流要多少钱,http://www.ycen.com.cn/ys/mrph/4809878881.html,13
成都妇科医院那个好,http://www.lhrb.com.cn/qyxw/jkzx/4214993738.html,4
成都最好的妇科医院是哪里,http://life.zynews.com/jiankang/2013-06-06/54516.html,0
成都人流医院在哪里,http://www.leshan.cn/hyzx/jkxx/3666669855.html,12
成都军区空军机关医院怎么样,http://www.zhiyin.cn/yx/nnqy/1420813.html,10
成都做无痛人流需要多少钱,http://www.ycen.com.cn/ys/mrph/4809876087.html,14
在成都人流多少钱,http://www.leshan.cn/ys/wywl/2128531.html,1
成都做无痛人流要多少钱,http://www.ycen.com.cn/ys/mrph/4809878881.html,13
成都妇科医院那个好,http://www.lhrb.com.cn/qyxw/jkzx/4214993738.html,4
成都最好的妇科医院是哪里,http://life.zynews.com/jiankang/2013-06-06/54516.html,0
成都人流医院在哪里,http://www.leshan.cn/hyzx/jkxx/3666669855.html,12
成都军区空军机关医院怎么样,http://www.zhiyin.cn/yx/nnqy/1420813.html,10
成都做无痛人流需要多少钱,http://www.ycen.com.cn/ys/mrph/4809876087.html,14
成都市哪家妇科医院好,http://www.leshan.cn/ys/cnhk/1911729.html,7
成都最好妇科医院是哪家,http://life.zynews.com/jiankang/2013-12-17/298591.html,0
成都做无痛人流需要多少钱,http://www.zhiyin.cn/hyzx/yykx/2014-02/09/content_440462.html,74
成都最好的人流医院是哪家,http://www.leshan.cn/ys/cnhk/1994867.html,14
成都无痛人流需要多少钱,http://www.aibang.com/show/1537571235-1606180436/product/11497133.html,12
成都市妇科医院哪里好,http://www.leshan.cn/hyzx/jkxx/3815684823.html,4
成都市治疗宫颈糜烂最好的医院,http://health.voc.com.cn/id_113570.html,8
成都哪家无痛人流比较好,http://www.leshan.cn/ys/cnhk/2014137.html,9
成都较好的妇科医院,http://www.lhrb.com.cn/qyxw/jkzx/3504608730.html,0
成都哪家医院治宫颈糜烂好,http://www.xyzc.cn/health/jsmr/20130727/248009.html,0
成都最好人流医院,http://www.xyzc.cn/health/jsmr/20130930/701223.html,12
成都人流医院哪个最好,http://www.xyzc.cn/health/jsmr/20130830/514580.html,12
成都人流医院哪里最好,http://www.lhrb.com.cn/qyxw/jkzx/3409650757.html,12
成都有哪些好的妇科医院,http://www.xyzc.cn/health/jsmr/20130819/400576.html,11
成都人流去哪家医院,http://www.leshan.cn/ys/yssy/1453997.html,11
成都做无痛人流,http://www.nmgnews.com.cn/ys/wc/1403915.html,11
成都人流医院排名,http://www.aibang.com/detail/442314939-435623035/product/8244559.html,0
成都人流最好的医院,http://www.lhrb.com.cn/qyxw/jkzx/4188209585.html,11
成都哪家医院做人流比较好,http://www.js0573.com/yx/dzeh/2431172.html,0
成都做无痛人流最好的医院,http://www.js0573.com/yx/cdzx/1620489.html,11
成都市军区医院,http://qs.zjol.com.cn/news/62810.html,17
成都市做人流的医院,http://www.xilele.com/jiankang/news/653108.htm,13
成都人流比较好的医院,http://www.zznews.cn/hyzx/jkxx/4343291375.html,11
成都有哪些妇科医院,http://www.xyzc.cn/health/jsmr/20130819/400297.html,12
成都人流医院找哪家,http://www.zznews.cn/hyzx/xywy/4663154216.html,11
成都人流医院哪里最好,http://www.xyzc.cn/health/jsmr/20130814/385506.html,11
成都比较好的人流医院,http://www.lhrb.com.cn/qyxw/jkzx/4301035878.html,12
成都哪家医院妇科检查好,http://life.zynews.com/jiankang/2014-02-04/354204.html,0
成都做人流好的医院,http://www.lhrb.com.cn/qyxw/jkzx/4195216168.html,12
成都市治疗宫颈糜烂最好的医院,http://www.lhrb.com.cn/qyxw/jkzx/4317695866.html,14
成都妇科医院哪家好啊,http://www.zznews.cn/jkzn/bjys/2013-12/04/content_2441026.html,12
成都做无痛人流较好的医院,http://www.lhrb.com.cn/qyxw/jkzx/4188209585.html,12
成都最好的治疗妇科的医院,http://qs.zjol.com.cn/news/138195.html,13
成都哪家医院看妇科好,http://www.aibang.com/detail/442314939-435623035/product/8576275.html,0
成都那个医院看妇科好,http://www.leshan.cn/ys/cnhk/1978341.html,12
成都做无痛人流的医院哪家好,http://www.js0573.com/yx/cdzx/1620489.html,13
成都哪个医院妇科检查最好,http://qs.zjol.com.cn/news/42355.html,14
成都做人流哪家医院最好,http://www.xyzc.cn/health/jsmr/20130830/514580.html,0
成都做无痛人流哪家好,http://www.zznews.cn/hyzx/jkxx/3867092598.html,13
成都无痛人流要多少钱,http://www.leshan.cn/ys/wywl/2179216.html,0
成都人流最好医院,http://www.js0573.com/yx/dzeh/2431147.html,13
成都做人流医院,http://www.xyzc.cn/health/jsmr/20130906/558491.html,10
成都做人流哪家医院最好,http://qs.zjol.com.cn/news/35291.html,24
关键词,链接,0
成都妇科医院哪家好,http://www.aibang.com/show/442314939-435623035/product/8008507.html,12
成都无痛人流专业医院,http://www.fengone.com/ys/bc/1170366.html,0
成都哪家医院治疗宫颈糜烂最好,http://www.leshan.cn/ys/ldr/1655199.html,12
成都妇科那个医院最好,http://www.lhrb.com.cn/qyxw/jkzx/4179471992.html,0
成都有哪些好的妇科医院,http://www.lhrb.com.cn/qyxw/jkzx/3167338702.html,13
成都无痛人流好的医院,http://www.leshan.cn/ys/wywl/2128532.html,13
成都妇科检查哪家医院好,http://www.leshan.cn/ys/blty/1908682.html,11
成都哪个医院妇科比较好,http://www.leshan.cn/ys/wywl/1969264.html,7
成都做无痛人流大概多少钱,http://www.xyzc.cn/health/jsmr/20130904/538036.html,0
成都哪家医院看妇科最好,http://www.leshan.cn/ys/cnhk/1978308.html,13
成都人流医院哪里好,http://www.zznews.cn/hyzx/xywy/4663127771.html,14
成都妇科医院哪个最好,http://www.aibang.com/detail/442314939-435623035/product/8086565.html,0
成都哪家医院无痛人流最好,http://qs.zjol.com.cn/news/139530.html,14
成都治疗宫颈糜烂比较好的医院,http://health.voc.com.cn/id_113559.html,16
成都较好的妇科医院,http://brand.shm.com.cn/ylss/2372128.html,12
成都人流医院有哪些,http://www.js0573.com/yx/dzeh/2431146.html,9
成都妇科医院哪家最好,http://www.aibang.com/detail/442314939-435623035/product/8009321.html,0
成都无痛人流,http://www.zznews.cn/jkzn/bjys/2013-12/03/content_2436450.html,0
成都哪家医院做妇科检查最好,http://life.zynews.com/jiankang/2014-02-04/354205.html,0
成都人流去哪个医院好,http://life.zynews.com/jiankang/2014-01-05/313998.html,0
成都市好的无痛人流医院,http://www.aibang.com/detail/442314939-435623035/product/9137169.html,0
成都人流医院哪里最好,http://brand.shm.com.cn/jdpl/2013/09/28/1740577.html,13
在成都人流多少钱,http://www.zznews.cn/jkzn/bjys/2013-12/03/content_2436450.html,0
成都无痛人流哪家医院最好,http://www.xyzc.cn/health/jsmr/20130729/257283.html,96
成都人流比较好的医院,http://www.lhrb.com.cn/qyxw/jkzx/4301035878.html,0
成都人流要多少钱,http://www.aibang.com/detail/1537571235-1606180436/product/11425171.html,0
成都那个妇科医院最好,http://brand.shm.com.cn/rdjj/2372290.html,0
成都较好的人流医院,http://www.zznews.cn/hyzx/xywy/4662341271.html,14
成都治疗宫颈糜烂医院,http://brand.shm.com.cn/jdpl/2013/09/28/1740558.html,17
成都无痛人流价钱,http://brand.shm.com.cn/jryw/2013/11/11/1968612.html,17
成都最好的妇科医院有哪些,http://qs.zjol.com.cn/news/142897.html,14
成都人流医院排行榜,http://www.xyzc.cn/health/jsmr/20130821/424295.html,10
成都哪家医院妇科比较好,http://www.aibang.com/detail/1537571235-1606180436/product/11890105.html,0
成都人流医院哪个好,http://brand.shm.com.cn/jdpl/2013/09/28/1740577.html,15
成都哪家医院看宫颈糜烂好,http://www.aibang.com/detail/562324484-431960920/product/10548851.html,0
成都那个医院做人流好,http://www.lhrb.com.cn/qyxw/jkzx/3409674992.html,13
成都哪个妇科医院好,http://www.zznews.cn/hyzx/jkxx/4343672187.html,0
成都军区医院地址,http://www.zjjzx.cn/jk/ylzx/2013/1213/16539.html,13
成都人流医院排名,http://www.zznews.cn/jkzn/cyss/2013-12/29/176134.html,53
在成都无痛人流多少钱,http://www.aibang.com/show/562324484-431960920/product/10492537.html,64
成都无痛人流哪家医院最好,http://www.lhrb.com.cn/qyxw/jkzx/4325769547.html,0
成都人流要多少钱,http://www.js0573.com/yx/dzeh/2511935.html,13
成都人流去哪家医院,http://www.xyzc.cn/health/jsmr/20130808/329967.html,8
成都人流医院哪个最好,http://www.zhiyin.cn/yx/hwzd/2719041.html,0
成都无痛人流好的医院,http://www.xyzc.cn/health/jsmr/20130729/256688.html,8
成都有名的妇科医院,http://www.zznews.cn/jkzn/bjys/2013-12/04/content_2345712.html,10
成都专业妇科医院哪家好,http://www.leshan.cn/hyzx/jkxx/3815572668.html,13
成都市治疗宫颈糜烂最好的医院,http://brand.shm.com.cn/jdpl/2013/09/28/1740568.html,16
在成都无痛人流多少钱,http://www.leshan.cn/ys/wywl/2128531.html,0
成都人流最好的医院,http://www.leshan.cn/ys/cnhk/2026216.html,15
成都妇科哪家最好,http://brand.shm.com.cn/jdxw/2372268.html,0
成都无痛人流哪个医院好,http://www.xyzc.cn/health/jsmr/20130713/107237.html,15
成都人流医院价格,http://qs.zjol.com.cn/news/137094.html,19
成都最好妇科医院,http://www.leshan.cn/hyzx/jkxx/3772909637.html,0
成都哪家医院看宫颈糜烂好,http://life.zynews.com/jiankang/2014-02-02/353549.html,0
成都哪家妇科医院好,http://www.leshan.cn/ys/cnhk/1911729.html,10
成都哪家人流医院最好,http://www.lhrb.com.cn/qyxw/jkzx/4386147921.html,16
成都治疗宫颈糜烂比较好的医院,http://www.js0573.com/yx/cdzx/1633680.html,13
成都哪家医院妇科好,http://www.zznews.cn/hyzx/jkxx/3876832559.html,0
成都做人流的价格,http://www.aibang.com/detail/1537571235-1606180436/product/11459939.html,0
成都哪家医院看妇科最好,http://www.zznews.cn/jkzn/bjys/2013-12/04/content_2345677.html,87
成都哪家医院做妇科检查最好,http://www.leshan.cn/ys/blty/1878995.html,14
成都知名的妇科医院,http://www.leshan.cn/hyzx/jkxx/3815707673.html,11
成都哪家医院人流比较好,http://www.js0573.com/yx/dzeh/2431168.html,0
成都哪家医院治疗宫颈糜烂最好,http://health.voc.com.cn/id_113559.html,55
成都人流哪家医院最好,http://www.aibang.com/show/442314939-435623035/product/8017009.html,16
成都无痛人流哪好,http://www.aibang.com/detail/1537571235-1606180436/product/6216511.html,0
在成都无痛人流要多少钱,http://brand.shm.com.cn/jdxw/2352755.html,0
成都做人流哪家医院最好,http://www.lhrb.com.cn/qyxw/jkzx/4204183077.html,14
成都人流医院最好的,http://www.zznews.cn/hyzx/jkxx/3866933546.html,17
成都妇科检查去哪个医院,http://www.xyzc.cn/health/jsmr/20130906/558847.html,0
在成都无痛人流需要多少钱,http://www.ycen.com.cn/ys/mrph/4809915813.html,56
成都妇科检查哪个医院好,http://www.xyzc.cn/health/jsmr/20130727/243723.html,16
成都做人流最好的医院,http://www.xyzc.cn/health/jsmr/20130820/409568.html,0
成都市人流最好的医院,http://www.js0573.com/yx/dzeh/2431150.html,13
